year,cases,deaths,notes
1900,,1776,Death rate 2.33/100k (CDC/Fraser 'Tetanus in the US 1900-1969'). Count = rate x population. Cases not reported until 1947
1910,,1752,Death rate 1.9/100k (NCHS Grove & Hetzel Table 65). Count = rate x population
1920,,1696,Death rate 1.6/100k (NCHS Table 65); WWI-era plateau
1930,,1355,Death rate 1.1/100k (NCHS Table 65)
1938,,913,Death rate 0.7/100k (NCHS Table 65); decline 1923-40 mainly from antitoxin wound care
1939,,656,"Death rate 0.5/100k (NCHS Table 65, 5th rev.); count = rate x interp. pop"
1940,,529,"Death rate 0.4/100k (NCHS Table 65, 5th rev.); count = rate x interp. pop"
1941,,670,"Death rate 0.5/100k (NCHS Table 65, 5th rev.); count = rate x interp. pop"
1942,,680,"Death rate 0.5/100k (NCHS Table 65, 5th rev.); count = rate x interp. pop"
1943,,690,"Death rate 0.5/100k (NCHS Table 65, 5th rev.); count = rate x interp. pop"
1944,,699,"Death rate 0.5/100k (NCHS Table 65, 5th rev.); count = rate x interp. pop"
1945,,709,"Death rate 0.5/100k (NCHS Table 65, 5th rev.); count = rate x interp. pop"
1946,,575,"Death rate 0.4/100k (NCHS Table 65, 5th rev.); count = rate x interp. pop"
1947,560,582,"Notifiable from 1947 (3.9 per million reported cases); historical CFR ~30% | deaths: Death rate 0.4/100k (NCHS Table 65, 5th rev.); count = rate x interp. pop"
1948,,501,Death rate ~0.34/100k (interp. NCHS 1938-1950); toxoid into routine childhood DTP. Count = rate x pop
1949,,448,"Death rate 0.3/100k (NCHS Table 65, 7th rev.); count = rate x interp. pop"
1950,,303,Death rate 0.2/100k (NCHS Table 65); toxoid-era decline 1945-55
1951,,462,"Death rate 0.3/100k (NCHS Table 65, 7th rev.); count = rate x interp. pop"
1952,,314,"Death rate 0.2/100k (NCHS Table 65, 7th rev.); count = rate x interp. pop"
1953,,319,"Death rate 0.2/100k (NCHS Table 65, 7th rev.); count = rate x interp. pop"
1954,,325,"Death rate 0.2/100k (NCHS Table 65, 7th rev.); count = rate x interp. pop"
1955,,331,"Death rate 0.2/100k (NCHS Table 65, 7th rev.); count = rate x interp. pop"
1956,,168,"Death rate 0.1/100k (NCHS Table 65, 7th rev.); count = rate x interp. pop"
1957,,342,"Death rate 0.2/100k (NCHS Table 65, 7th rev.); count = rate x interp. pop"
1958,,347,"Death rate 0.2/100k (NCHS Table 65, 7th rev.); count = rate x interp. pop"
1959,,282,Death rate 0.16/100k (CDC/Fraser); >90% below 1900
1960,,179,"Death rate 0.1/100k (NCHS Table 65, 7th rev.); count = rate x interp. pop"
1974,101,,WHO GHO total tetanus reported cases (indicator WHS3_46; matches CDC anchors)
1975,102,,WHO GHO total tetanus reported cases (indicator WHS3_46; matches CDC anchors)
1976,75,,"Approx; ""50-100 cases/yr since mid-1970s"" (CDC)"
1977,87,,WHO GHO total tetanus reported cases (indicator WHS3_46; matches CDC anchors)
1978,86,,WHO GHO total tetanus reported cases (indicator WHS3_46; matches CDC anchors)
1979,81,,WHO GHO total tetanus reported cases (indicator WHS3_46; matches CDC anchors)
1980,95,,WHO GHO total tetanus reported cases (indicator WHS3_46; matches CDC anchors)
1981,72,,WHO GHO total tetanus reported cases (indicator WHS3_46; matches CDC anchors)
1982,88,,WHO GHO total tetanus reported cases (indicator WHS3_46; matches CDC anchors)
1983,91,,WHO GHO total tetanus reported cases (indicator WHS3_46; matches CDC anchors)
1984,74,,WHO GHO total tetanus reported cases (indicator WHS3_46; matches CDC anchors)
1985,83,,WHO GHO total tetanus reported cases (indicator WHS3_46; matches CDC anchors)
1986,64,,WHO GHO total tetanus reported cases (indicator WHS3_46; matches CDC anchors)
1987,48,,WHO GHO total tetanus reported cases (indicator WHS3_46; matches CDC anchors)
1988,53,,WHO GHO total tetanus reported cases (indicator WHS3_46; matches CDC anchors)
1989,53,,WHO GHO total tetanus reported cases (indicator WHS3_46; matches CDC anchors)
1990,64,,Approx anchor
1991,57,,WHO GHO total tetanus reported cases (indicator WHS3_46; matches CDC anchors)
1992,45,,WHO GHO total tetanus reported cases (indicator WHS3_46; matches CDC anchors)
1993,48,,WHO GHO total tetanus reported cases (indicator WHS3_46; matches CDC anchors)
1994,51,,WHO GHO total tetanus reported cases (indicator WHS3_46; matches CDC anchors)
1995,34,,WHO GHO total tetanus reported cases (indicator WHS3_46; matches CDC anchors)
1997,42,,WHO GHO total tetanus reported cases (indicator WHS3_46; matches CDC anchors)
1998,34,,WHO GHO total tetanus reported cases (indicator WHS3_46; matches CDC anchors)
1999,32,,WHO GHO total tetanus reported cases (indicator WHS3_46; matches CDC anchors)
2000,35,,WHO GHO total tetanus reported cases (indicator WHS3_46; matches CDC anchors)
2001,38,,WHO GHO total tetanus reported cases (indicator WHS3_46; matches CDC anchors)
2002,25,,WHO GHO total tetanus reported cases (indicator WHS3_46; matches CDC anchors)
2003,20,,WHO GHO total tetanus reported cases (indicator WHS3_46; matches CDC anchors)
2004,34,,WHO GHO total tetanus reported cases (indicator WHS3_46; matches CDC anchors)
2005,27,,2001-2008 averaged 29 cases/yr (CFR ~13%)
2006,41,,WHO GHO total tetanus reported cases (indicator WHS3_46; matches CDC anchors)
2007,28,,WHO GHO total tetanus reported cases (indicator WHS3_46; matches CDC anchors)
2008,19,,WHO GHO total tetanus reported cases (indicator WHS3_46; matches CDC anchors)
2009,18,2,Annual data 2009-2023 from CDC MMWR SS7501
2010,26,2,
2011,36,5,
2012,37,4,
2013,26,3,
2014,25,5,
2015,29,4,
2016,34,3,
2017,33,2,
2018,23,0,
2019,26,4,
2020,17,0,
2021,28,2,
2022,26,0,
2023,18,1,
2024,33,,"CDC NNDSS API x9gk-5huc (provisional; cases only, deaths not in weekly table)"
2025,38,,"CDC NNDSS API x9gk-5huc (provisional; cases only, deaths not in weekly table)"
2026,19,,"CDC NNDSS API x9gk-5huc, YTD through MMWR week 32 of 2026 (provisional, PARTIAL YEAR); cases only, deaths not in the weekly table"
